{"cameraMode":{"drawMode":0,"name":"Shaded","section":"Shading Mode"},"sceneLighting":false,"audioPlay":false,"sceneViewState":{"m_AlwaysRefresh":false,"showFog":true,"showSkybox":false,"showFlares":true,"showImageEffects":true,"showParticleSystems":true,"showVisualEffectGraphs":true,"m_FxEnabled":true},"in2DMode":false,"pivot":{"x":0.012398988008499146,"y":0.17197157442569734,"z":-0.014184936881065369},"rotation":{"x":-0.050485994666814807,"y":0.9202804565429688,"z":-0.12669457495212556,"w":-0.36671602725982668},"size":0.6489787697792053,"orthographic":false}