{"cameraMode":{"drawMode":0,"name":"Shaded","section":"Shading Mode"},"sceneLighting":false,"audioPlay":false,"sceneViewState":{"m_AlwaysRefresh":false,"showFog":true,"showSkybox":false,"showFlares":true,"showImageEffects":true,"showParticleSystems":true,"showVisualEffectGraphs":true,"m_FxEnabled":true},"in2DMode":false,"pivot":{"x":-0.027090027928352357,"y":0.18189750611782075,"z":-0.027729183435440065},"rotation":{"x":-0.050485994666814807,"y":0.9202804565429688,"z":-0.12669457495212556,"w":-0.36671602725982668},"size":0.29336076974868777,"orthographic":false}