{"cameraMode":{"drawMode":0,"name":"Shaded","section":"Shading Mode"},"sceneLighting":false,"audioPlay":false,"sceneViewState":{"m_AlwaysRefresh":false,"showFog":true,"showSkybox":false,"showFlares":true,"showImageEffects":true,"showParticleSystems":true,"showVisualEffectGraphs":true,"m_FxEnabled":true},"in2DMode":false,"pivot":{"x":-1.6834392547607422,"y":7.040257453918457,"z":-3.0902726650238039},"rotation":{"x":0.26159825921058657,"y":-0.1083047166466713,"z":0.029553916305303575,"w":0.9586422443389893},"size":11.855403900146485,"orthographic":false}