{"cameraMode":{"drawMode":0,"name":"Shaded","section":"Shading Mode"},"sceneLighting":false,"audioPlay":false,"sceneViewState":{"m_AlwaysRefresh":false,"showFog":true,"showSkybox":false,"showFlares":true,"showImageEffects":true,"showParticleSystems":true,"showVisualEffectGraphs":true,"m_FxEnabled":true},"in2DMode":false,"pivot":{"x":0.0022281110286712648,"y":0.2268991768360138,"z":-0.04626171290874481},"rotation":{"x":-0.050485994666814807,"y":0.9202804565429688,"z":-0.12669457495212556,"w":-0.36671602725982668},"size":0.6053283214569092,"orthographic":false}