{"cameraMode":{"drawMode":0,"name":"Shaded","section":"Shading Mode"},"sceneLighting":false,"audioPlay":false,"sceneViewState":{"m_AlwaysRefresh":false,"showFog":true,"showSkybox":false,"showFlares":true,"showImageEffects":true,"showParticleSystems":true,"showVisualEffectGraphs":true,"m_FxEnabled":true},"in2DMode":false,"pivot":{"x":-0.43979766964912417,"y":1.1587108373641968,"z":-1.3054035902023316},"rotation":{"x":0.0012378476094454527,"y":0.8878206610679627,"z":0.0023887071292847397,"w":-0.46017733216285708},"size":2.006333351135254,"orthographic":false}